{"_type":"export","__export_format":4,"__export_date":"2019-12-13T00:02:53.180Z","__export_source":"insomnia.desktop.app:v7.0.3","resources":[{"_id":"req_59531d790b814a419c57ba29f90298d4","authentication":{},"body":{},"created":1576193126504,"description":"","headers":[],"isPrivate":false,"metaSortKey":-1576193126504,"method":"GET","modified":1576194801680,"name":"List","parameters":[],"parentId":"fld_f4bc5b50877e4d83893b31f234c77712","settingDisableRenderRequestBody":false,"settingEncodeUrl":true,"settingRebuildPath":true,"settingSendCookies":true,"settingStoreCookies":true,"url":"{{ base_url  }}/users","_type":"request"},{"_id":"fld_f4bc5b50877e4d83893b31f234c77712","created":1576193122314,"description":"","environment":{},"environmentPropertyOrder":null,"metaSortKey":-1576193122314,"modified":1576193122314,"name":"Users","parentId":"wrk_050c1d000aa24b1cba0229582d011cd3","_type":"request_group"},{"_id":"wrk_050c1d000aa24b1cba0229582d011cd3","created":1570651953460,"description":"","modified":1576195292897,"name":"Dominando o NodeJS","parentId":null,"_type":"workspace"},{"_id":"req_07704978d88047cb8577b19799b78270","authentication":{},"body":{},"created":1576193170761,"description":"","headers":[],"isPrivate":false,"metaSortKey":-1576191891279.5,"method":"GET","modified":1576195298931,"name":"Show","parameters":[],"parentId":"fld_f4bc5b50877e4d83893b31f234c77712","settingDisableRenderRequestBody":false,"settingEncodeUrl":true,"settingRebuildPath":true,"settingSendCookies":true,"settingStoreCookies":true,"url":"{{ base_url  }}/users/1","_type":"request"},{"_id":"req_59ea890bbb6a456fa175bf5c06ec80ec","authentication":{},"body":{"mimeType":"application/json","text":"{\n\t\"name\": \"Felipe Fontoura\",\n\t\"email\": \"ffontouras@gmail.com\",\n\t\"password\": \"12345678\",\n\t\"passwordConfirmation\": \"12345678\"\n}"},"created":1576193177459,"description":"","headers":[{"id":"pair_bfb31ebd6c574e77b945cf588b289aec","name":"Content-Type","value":"application/json"}],"isPrivate":false,"metaSortKey":-1576191273667.25,"method":"POST","modified":1576194909786,"name":"Create","parameters":[],"parentId":"fld_f4bc5b50877e4d83893b31f234c77712","settingDisableRenderRequestBody":false,"settingEncodeUrl":true,"settingRebuildPath":true,"settingSendCookies":true,"settingStoreCookies":true,"url":"{{ base_url  }}/users","_type":"request"},{"_id":"req_831684b2a5bd4da79567e71f87d0195b","authentication":{},"body":{"mimeType":"application/json","text":"{\n\t\"name\": \"Felipe Souza\",\n\t\"email\": \"ffontouras@gmail.com\",\n\t\"oldPassword\": \"12345678\",\n\t\"password\": \"teste1234\",\n\t\"passwordConfirmation\": \"teste1234\"\n}"},"created":1576193271698,"description":"","headers":[{"id":"pair_bfb31ebd6c574e77b945cf588b289aec","name":"Content-Type","value":"application/json"}],"isPrivate":false,"metaSortKey":-1576190964861.125,"method":"PUT","modified":1576195302678,"name":"Update","parameters":[],"parentId":"fld_f4bc5b50877e4d83893b31f234c77712","settingDisableRenderRequestBody":false,"settingEncodeUrl":true,"settingRebuildPath":true,"settingSendCookies":true,"settingStoreCookies":true,"url":"{{ base_url  }}/users/1","_type":"request"},{"_id":"req_75bbc44abed84333aeb4d8d9147fc11b","authentication":{},"body":{},"created":1576193300117,"description":"","headers":[],"isPrivate":false,"metaSortKey":-1576190810458.0625,"method":"DELETE","modified":1576195304733,"name":"Delete","parameters":[],"parentId":"fld_f4bc5b50877e4d83893b31f234c77712","settingDisableRenderRequestBody":false,"settingEncodeUrl":true,"settingRebuildPath":true,"settingSendCookies":true,"settingStoreCookies":true,"url":"{{ base_url  }}/users/1","_type":"request"},{"_id":"req_08f458f372cc41f29c51325a349c0891","authentication":{},"body":{},"created":1576190656055,"description":"","headers":[],"isPrivate":false,"metaSortKey":-1576190656055,"method":"GET","modified":1576194925444,"name":"List","parameters":[],"parentId":"fld_6e7873b02013491fa9f4b155e7c9304c","settingDisableRenderRequestBody":false,"settingEncodeUrl":true,"settingRebuildPath":true,"settingSendCookies":true,"settingStoreCookies":true,"url":"{{ base_url  }}/customers/1/contacts","_type":"request"},{"_id":"fld_6e7873b02013491fa9f4b155e7c9304c","created":1576190649720,"description":"","environment":{},"environmentPropertyOrder":null,"metaSortKey":-1576190649720,"modified":1576190649720,"name":"Contacts","parentId":"wrk_050c1d000aa24b1cba0229582d011cd3","_type":"request_group"},{"_id":"req_7e59372a13714da1a7f6331f637d0796","authentication":{},"body":{},"created":1576190682186,"description":"","headers":[],"isPrivate":false,"metaSortKey":-1575837626615,"method":"GET","modified":1576195309790,"name":"Show","parameters":[],"parentId":"fld_6e7873b02013491fa9f4b155e7c9304c","settingDisableRenderRequestBody":false,"settingEncodeUrl":true,"settingRebuildPath":true,"settingSendCookies":true,"settingStoreCookies":true,"url":"{{ base_url  }}/customers/1/contacts/1","_type":"request"},{"_id":"req_4e27ad392b724931993faa0437849903","authentication":{},"body":{"mimeType":"application/json","text":"{ \n\t\"name\": \"Felipe Fontoura\", \n\t\"email\":  \"ffontouras@gmail.com\"\n}"},"created":1576190694091,"description":"","headers":[{"id":"pair_bb24590bc93642d889e52e8abd0b1a71","name":"Content-Type","value":"application/json"}],"isPrivate":false,"metaSortKey":-1575661111895,"method":"POST","modified":1576194933618,"name":"Create","parameters":[],"parentId":"fld_6e7873b02013491fa9f4b155e7c9304c","settingDisableRenderRequestBody":false,"settingEncodeUrl":true,"settingRebuildPath":true,"settingSendCookies":true,"settingStoreCookies":true,"url":"{{ base_url  }}/customers/1/contacts/","_type":"request"},{"_id":"req_ae3d60d5d8984410bc56cb61961ae13a","authentication":{},"body":{"mimeType":"application/json","text":"{ \n\t\"name\": \"Felipe Souza\"\n}"},"created":1576190726925,"description":"","headers":[{"id":"pair_bb24590bc93642d889e52e8abd0b1a71","name":"Content-Type","value":"application/json"}],"isPrivate":false,"metaSortKey":-1575572854535,"method":"PUT","modified":1576195314577,"name":"Update","parameters":[],"parentId":"fld_6e7873b02013491fa9f4b155e7c9304c","settingDisableRenderRequestBody":false,"settingEncodeUrl":true,"settingRebuildPath":true,"settingSendCookies":true,"settingStoreCookies":true,"url":"{{ base_url  }}/customers/1/contacts/1","_type":"request"},{"_id":"req_8f557144e1424e0a8732e0681486c139","authentication":{},"body":{},"created":1576190744169,"description":"","headers":[],"isPrivate":false,"metaSortKey":-1575528725855,"method":"DELETE","modified":1576195320318,"name":"Delete","parameters":[],"parentId":"fld_6e7873b02013491fa9f4b155e7c9304c","settingDisableRenderRequestBody":false,"settingEncodeUrl":true,"settingRebuildPath":true,"settingSendCookies":true,"settingStoreCookies":true,"url":"{{ base_url  }}/customers/1/contacts/1","_type":"request"},{"_id":"req_5d69eedad08f43279c878f4c7ee4c5d3","authentication":{},"body":{},"created":1575484597175,"description":"","headers":[],"isPrivate":false,"metaSortKey":-1575484597175,"method":"GET","modified":1576194946286,"name":"List","parameters":[{"id":"pair_b8de9170f931486ca64cd8b8053e4141","name":"status","value":"active"},{"id":"pair_054b4a8c25e144e5bb8bb3d411c112e7","name":"sort","value":"name,email:desc"}],"parentId":"fld_9ed9a3abbb2e47e38d1400d328747be6","settingDisableRenderRequestBody":false,"settingEncodeUrl":true,"settingRebuildPath":true,"settingSendCookies":true,"settingStoreCookies":true,"url":"{{ base_url  }}/customers/","_type":"request"},{"_id":"fld_9ed9a3abbb2e47e38d1400d328747be6","created":1575494836101,"description":"","environment":{},"environmentPropertyOrder":null,"metaSortKey":-1575494836101,"modified":1575494836101,"name":"Customers","parentId":"wrk_050c1d000aa24b1cba0229582d011cd3","_type":"request_group"},{"_id":"req_3f5cb512552349c5a47183c085a35bb3","authentication":{},"body":{},"created":1575495155421,"description":"","headers":[],"isPrivate":false,"metaSortKey":-1575484597150,"method":"GET","modified":1576194950160,"name":"Show","parameters":[],"parentId":"fld_9ed9a3abbb2e47e38d1400d328747be6","settingDisableRenderRequestBody":false,"settingEncodeUrl":true,"settingRebuildPath":true,"settingSendCookies":true,"settingStoreCookies":true,"url":"{{ base_url  }}/customers/1","_type":"request"},{"_id":"req_c8cea6c98d384e72a88f28a39617ee1b","authentication":{},"body":{"mimeType":"application/json","text":"{ \n\t\"name\": \"Postman 3\", \n\t\"email\":  \"contato2@devsamurai.com.br\"\n}"},"created":1575494850092,"description":"","headers":[{"id":"pair_aa52195375e64de7af392d10f7e4f9da","name":"Content-Type","value":"application/json"}],"isPrivate":false,"metaSortKey":-1575484597125,"method":"POST","modified":1576194954428,"name":"Create","parameters":[{"id":"pair_a5fe06aad849433ba967ff2d0c141aa5","name":"nome","value":"Tatá"}],"parentId":"fld_9ed9a3abbb2e47e38d1400d328747be6","settingDisableRenderRequestBody":false,"settingEncodeUrl":true,"settingRebuildPath":true,"settingSendCookies":true,"settingStoreCookies":true,"url":"{{ base_url  }}/customers/","_type":"request"},{"_id":"req_df50341eee2e421db999e651b50335e4","authentication":{},"body":{"mimeType":"application/json","text":"{ \n\t\"name\": \"New\"\n}"},"created":1575495484238,"description":"","headers":[{"id":"pair_aa52195375e64de7af392d10f7e4f9da","name":"Content-Type","value":"application/json"}],"isPrivate":false,"metaSortKey":-1575484597075,"method":"PUT","modified":1576195346333,"name":"Update","parameters":[{"id":"pair_a5fe06aad849433ba967ff2d0c141aa5","name":"nome","value":"Tatá"}],"parentId":"fld_9ed9a3abbb2e47e38d1400d328747be6","settingDisableRenderRequestBody":false,"settingEncodeUrl":true,"settingRebuildPath":true,"settingSendCookies":true,"settingStoreCookies":true,"url":"{{ base_url  }}/customers/1","_type":"request"},{"_id":"req_2341f21de0b24f8799b679cde3c95dfa","authentication":{},"body":{},"created":1575496666544,"description":"","headers":[],"isPrivate":false,"metaSortKey":-1575484597025,"method":"DELETE","modified":1576195354852,"name":"Delete","parameters":[{"id":"pair_a5fe06aad849433ba967ff2d0c141aa5","name":"nome","value":"Tatá"}],"parentId":"fld_9ed9a3abbb2e47e38d1400d328747be6","settingDisableRenderRequestBody":false,"settingEncodeUrl":true,"settingRebuildPath":true,"settingSendCookies":true,"settingStoreCookies":true,"url":"{{ base_url  }}/customers/1{{ base_url  }}/customers/1","_type":"request"},{"_id":"env_17d5f7177a654a6cc8c1a8082ab67f172607673a","color":null,"created":1570651953497,"data":{"base_url":"http://localhost:3000"},"dataPropertyOrder":{"&":["base_url"]},"isPrivate":false,"metaSortKey":1570651953497,"modified":1576194780792,"name":"Base Environment","parentId":"wrk_050c1d000aa24b1cba0229582d011cd3","_type":"environment"},{"_id":"jar_17d5f7177a654a6cc8c1a8082ab67f172607673a","cookies":[],"created":1570651953500,"modified":1570651953500,"name":"Default Jar","parentId":"wrk_050c1d000aa24b1cba0229582d011cd3","_type":"cookie_jar"}]}